iter,train_loss,val_loss,lr,elapsed_s,iter_ms,throughput_tok_s
0,10.822822570800781,10.809417724609375,9.900990099009901e-06,18.537303924560547,,
250,4.960510730743408,5.362317085266113,0.0009862301196726987,45.159353256225586,60.793399810791016,16843.933768912804
500,4.438452243804932,5.040578842163086,0.0009051132292283772,69.68637418746948,59.99279022216797,17068.717694374234
750,4.194296360015869,4.916125774383545,0.0007641763268666832,95.13758087158203,65.13142585754395,15722.057156244395
1000,3.977036237716675,4.802128791809082,0.0005871607054625496,120.20342946052551,61.48529052734375,16654.389874674278
1250,3.826774835586548,4.794836521148682,0.00040388523885789244,145.41998386383057,61.36465072631836,16687.13156320178
1500,3.693516254425049,4.749127388000488,0.0002452232927684166,170.3701207637787,63.97581100463867,16006.049535280657
1750,3.6402928829193115,4.691173553466797,0.00013790200300522413,195.92807793617249,61.23089790344238,16723.582946877395
2000,3.596400737762451,4.671533584594727,0.0001,221.24168300628662,62.64472007751465,16346.150142149792
