iter,train_loss,val_loss,lr,elapsed_s,iter_ms,throughput_tok_s
0,10.840319633483887,10.838056564331055,9.900990099009901e-06,13.11161184310913,,
250,5.419611930847168,5.661432266235352,0.0009862301196726987,30.72092628479004,38.750648498535156,26425.364211355303
500,4.839235782623291,5.240664482116699,0.0009051132292283772,45.95998764038086,36.56172752380371,28007.429335315715
750,4.590630531311035,5.189218044281006,0.0007641763268666832,61.8750205039978,46.2954044342041,22118.826101958522
1000,4.452297210693359,5.0725531578063965,0.0005871607054625496,77.06936287879944,39.67094421386719,25812.34251646714
1250,4.3064656257629395,4.992074489593506,0.00040388523885789244,92.22228026390076,38.31815719604492,26723.62334026058
1500,4.233884334564209,4.976991653442383,0.0002452232927684166,107.73462510108948,37.62316703796387,27217.272776816662
1750,4.169522285461426,4.8952131271362305,0.00013790200300522413,123.12778449058533,37.13560104370117,27574.61765045776
2000,4.103011608123779,4.880896091461182,0.0001,138.72734141349792,38.06018829345703,26904.753915156984
