iter,train_loss,val_loss,lr,elapsed_s,iter_ms,throughput_tok_s
0,10.840448379516602,10.837762832641602,9.900990099009901e-06,13.583924531936646,,
250,5.174506664276123,5.464537143707275,0.0009862301196726987,40.13307023048401,60.9591007232666,33596.29613463652
500,4.591001033782959,5.1469407081604,0.0009051132292283772,64.40306782722473,60.00256538391113,34131.87397732736
750,4.334094524383545,5.050467014312744,0.0007641763268666832,88.61973118782043,60.864925384521484,33648.279153576776
1000,4.092578887939453,4.913680076599121,0.0005871607054625496,112.92234945297241,61.10024452209473,33518.68746219851
1250,3.974569320678711,4.90000057220459,0.00040388523885789244,137.37176394462585,60.34970283508301,33935.544067160496
1500,3.865663766860962,4.876159191131592,0.0002452232927684166,161.85517239570618,61.678171157836914,33204.61618031906
1750,3.8262414932250977,4.823636054992676,0.00013790200300522413,186.50996494293213,61.89393997192383,33088.861380112634
2000,3.8146469593048096,4.834705352783203,0.0001,211.02763319015503,62.18910217285156,32931.81487501917
