iter,train_loss,val_loss,lr,elapsed_s,iter_ms,throughput_tok_s
0,10.822822570800781,10.809417724609375,9.900990099009901e-06,15.58722448348999,,
250,5.037365913391113,5.3975443840026855,0.0009862301196726987,41.62122988700867,63.97438049316406,16006.407441638592
500,4.520008087158203,5.112992763519287,0.0009051132292283772,66.34219646453857,64.41855430603027,15896.041304114497
750,4.292689800262451,4.959817409515381,0.0007641763268666832,90.8328914642334,61.098337173461914,16759.86691900962
1000,4.079861640930176,4.855226993560791,0.0005871607054625496,115.2172110080719,61.508893966674805,16647.998914673994
1250,3.9510324001312256,4.843859672546387,0.00040388523885789244,139.9060275554657,60.85491180419922,16826.907962576985
1500,3.833298921585083,4.795435905456543,0.0002452232927684166,164.68313813209534,61.14983558654785,16745.75230134006
1750,3.7866721153259277,4.723975658416748,0.00013790200300522413,189.81020498275757,64.39399719238281,15902.103373715234
2000,3.749218225479126,4.687564373016357,0.0001,214.68398308753967,64.2390251159668,15940.466066404888
