iter,train_loss,val_loss,lr,elapsed_s,iter_ms,throughput_tok_s
0,10.840458869934082,10.837773323059082,9.900990099009901e-06,14.01579737663269,,
250,5.171045303344727,5.459329128265381,0.0009862301196726987,39.99224019050598,59.24177169799805,34570.20175629231
500,4.599752902984619,5.14980411529541,0.0009051132292283772,63.86009979248047,60.994863510131836,33576.59780089199
750,4.33890438079834,5.05918025970459,0.0007641763268666832,87.51120781898499,60.190677642822266,34025.20257627011
1000,4.118055820465088,4.949734687805176,0.0005871607054625496,111.38375282287598,57.96957015991211,35328.88020991848
1250,3.991013765335083,4.917004108428955,0.00040388523885789244,135.46671414375305,57.10577964782715,35863.2701038331
1500,3.872868537902832,4.873840808868408,0.0002452232927684166,159.44623398780823,57.1901798248291,35810.343773580185
1750,3.840763568878174,4.831114768981934,0.00013790200300522413,183.5695550441742,64.55874443054199,31723.045701476112
2000,3.8290419578552246,4.847775459289551,0.0001,207.44030094146729,61.551809310913086,33272.78309001538
