iter,train_loss,val_loss,lr,elapsed_s,iter_ms,throughput_tok_s
0,10.845470428466797,10.834181785583496,9.900990099009901e-06,16.069106101989746,,
250,5.046416759490967,5.408606052398682,0.0009862301196726987,40.4434928894043,58.403968811035156,17533.05504482291
500,4.6039719581604,5.135291576385498,0.0009051132292283772,62.84083938598633,54.274559020996094,18867.034914164222
750,4.325094223022461,5.0290632247924805,0.0007641763268666832,85.4039843082428,55.55272102355957,18432.940477672153
1000,4.126328945159912,4.949682235717773,0.0005871607054625496,108.23956036567688,64.86248970031738,15787.24475010384
1250,4.011892318725586,4.8638386726379395,0.00040388523885789244,130.82716941833496,59.148550033569336,17312.343234429856
1500,3.878183364868164,4.8065266609191895,0.0002452232927684166,153.29196310043335,56.48231506347656,18129.568500320805
1750,3.793137550354004,4.779162406921387,0.00013790200300522413,176.25449347496033,57.52158164978027,17802.01396815923
2000,3.7530877590179443,4.7669267654418945,0.0001,198.97043180465698,58.54082107543945,17492.06760664337
