iter,train_loss,val_loss,lr,elapsed_s,iter_ms,throughput_tok_s
0,10.827497482299805,10.822761535644531,9.900990099009901e-06,9.980138778686523,,
250,5.580620288848877,5.78225040435791,0.0009397114317029975,23.814087629318237,57.932138442993164,8837.926818527892
500,5.082093238830566,5.442243576049805,0.0006281416799501188,39.719520568847656,37.2469425201416,13746.094722355578
750,4.856189727783203,5.318161487579346,0.0002607455756410573,52.18173599243164,26.94106101989746,19004.448251754442
1000,4.798663139343262,5.271876335144043,0.0001,65.07128858566284,29.50453758239746,17353.262987773836
